mpg,cylinders,displacement,horsepower,weight,acceleration,model_year,power_to_weight,sqrt_displacement,inv_weight,horsepower_sq,origin_europe,origin_japan,origin_usa
18.0,8,307.0,130.0,3504,12.0,70,0.037100456621004564,17.52141546793523,0.00028538812785388126,16900.0,False,False,True
15.0,8,350.0,165.0,3693,11.5,70,0.04467912266450041,18.708286933869708,0.00027078256160303275,27225.0,False,False,True
18.0,8,318.0,150.0,3436,11.0,70,0.043655413271245634,17.832554500127006,0.0002910360884749709,22500.0,False,False,True
16.0,8,304.0,150.0,3433,12.0,70,0.043693562481794346,17.435595774162696,0.00029129041654529564,22500.0,False,False,True
17.0,8,302.0,140.0,3449,10.5,70,0.04059147579008408,17.378147196982766,0.00028993911278631486,19600.0,False,False,True
15.0,8,429.0,198.0,4341,10.0,70,0.04561161022805805,20.71231517720798,0.000230361667818475,39204.0,False,False,True
14.0,8,454.0,220.0,4354,9.0,70,0.050528249885163065,21.307275752662516,0.00022967386311437759,48400.0,False,False,True
14.0,8,440.0,215.0,4312,8.5,70,0.049860853432282005,20.97617696340303,0.00023191094619666049,46225.0,False,False,True
14.0,8,455.0,225.0,4425,10.0,70,0.05084745762711865,21.330729007701542,0.00022598870056497175,50625.0,False,False,True
15.0,8,390.0,190.0,3850,8.5,70,0.04935064935064935,19.748417658131498,0.00025974025974025974,36100.0,False,False,True
15.0,8,383.0,170.0,3563,10.0,70,0.04771260174010665,19.570385790780925,0.000280662363177098,28900.0,False,False,True
14.0,8,340.0,160.0,3609,8.0,70,0.04433361041839845,18.439088914585774,0.0002770850651149903,25600.0,False,False,True
15.0,8,400.0,150.0,3761,9.5,70,0.03988300983780909,20.0,0.00026588673225206064,22500.0,False,False,True
14.0,8,455.0,225.0,3086,10.0,70,0.0729099157485418,21.330729007701542,0.0003240440699935191,50625.0,False,False,True
24.0,4,113.0,95.0,2372,15.0,70,0.04005059021922428,10.63014581273465,0.00042158516020236085,9025.0,False,True,False
22.0,6,198.0,95.0,2833,15.5,70,0.03353335686551359,14.071247279470288,0.00035298270384751147,9025.0,False,False,True
18.0,6,199.0,97.0,2774,15.5,70,0.034967555875991346,14.106735979665885,0.0003604902667627974,9409.0,False,False,True
21.0,6,200.0,85.0,2587,16.0,70,0.032856590645535366,14.142135623730951,0.00038654812524159255,7225.0,False,False,True
27.0,4,97.0,88.0,2130,14.5,70,0.04131455399061033,9.848857801796104,0.00046948356807511736,7744.0,False,True,False
26.0,4,97.0,46.0,1835,20.5,70,0.025068119891008173,9.848857801796104,0.0005449591280653951,2116.0,True,False,False
25.0,4,110.0,87.0,2672,17.5,70,0.03255988023952096,10.488088481701515,0.00037425149700598805,7569.0,True,False,False
24.0,4,107.0,90.0,2430,14.5,70,0.037037037037037035,10.344080432788601,0.00041152263374485596,8100.0,True,False,False
25.0,4,104.0,95.0,2375,17.5,70,0.04,10.198039027185569,0.0004210526315789474,9025.0,True,False,False
26.0,4,121.0,113.0,2234,12.5,70,0.050581915846016116,11.0,0.0004476275738585497,12769.0,True,False,False
21.0,6,199.0,90.0,2648,15.0,70,0.033987915407854986,14.106735979665885,0.00037764350453172205,8100.0,False,False,True
10.0,8,360.0,215.0,4615,14.0,70,0.04658721560130011,18.973665961010276,0.00021668472372697725,46225.0,False,False,True
10.0,8,307.0,200.0,4376,15.0,70,0.04570383912248629,17.52141546793523,0.00022851919561243144,40000.0,False,False,True
11.0,8,318.0,210.0,4382,13.5,70,0.04792332268370607,17.832554500127006,0.00022820629849383843,44100.0,False,False,True
9.0,8,304.0,193.0,4732,18.5,70,0.04078613693998309,17.435595774162696,0.00021132713440405747,37249.0,False,False,True
27.0,4,97.0,88.0,2130,14.5,71,0.04131455399061033,9.848857801796104,0.00046948356807511736,7744.0,False,True,False
28.0,4,140.0,90.0,2264,15.5,71,0.03975265017667844,11.832159566199232,0.00044169611307420494,8100.0,False,False,True
25.0,4,113.0,95.0,2228,14.0,71,0.042639138240574505,10.63014581273465,0.0004488330341113106,9025.0,False,True,False
25.0,4,98.0,93.5,2046,19.0,71,0.0456989247311828,9.899494936611665,0.0004887585532746823,8742.25,False,False,True
19.0,6,232.0,100.0,2634,13.0,71,0.037965072133637055,15.231546211727817,0.00037965072133637056,10000.0,False,False,True
16.0,6,225.0,105.0,3439,15.5,71,0.030532131433556268,15.0,0.0002907822041291073,11025.0,False,False,True
17.0,6,250.0,100.0,3329,15.5,71,0.030039050765995796,15.811388300841896,0.00030039050765995795,10000.0,False,False,True
19.0,6,250.0,88.0,3302,15.5,71,0.026650514839491216,15.811388300841896,0.0003028467595396729,7744.0,False,False,True
18.0,6,232.0,100.0,3288,15.5,71,0.030413625304136254,15.231546211727817,0.00030413625304136254,10000.0,False,False,True
14.0,8,350.0,165.0,4209,12.0,71,0.039201710620099785,18.708286933869708,0.00023758612497030174,27225.0,False,False,True
14.0,8,400.0,175.0,4464,11.5,71,0.03920250896057348,20.0,0.00022401433691756272,30625.0,False,False,True
14.0,8,351.0,153.0,4154,13.5,71,0.03683196918632643,18.734993995195193,0.00024073182474723158,23409.0,False,False,True
14.0,8,318.0,150.0,4096,13.0,71,0.03662109375,17.832554500127006,0.000244140625,22500.0,False,False,True
12.0,8,383.0,180.0,4955,11.5,71,0.03632694248234107,19.570385790780925,0.00020181634712411706,32400.0,False,False,True
13.0,8,400.0,170.0,4746,12.0,71,0.03581963758954909,20.0,0.00021070375052675939,28900.0,False,False,True
13.0,8,400.0,175.0,5140,12.0,71,0.03404669260700389,20.0,0.0001945525291828794,30625.0,False,False,True
18.0,6,258.0,110.0,2962,13.5,71,0.03713706954760297,16.06237840420901,0.00033760972316002703,12100.0,False,False,True
22.0,4,140.0,72.0,2408,19.0,71,0.029900332225913623,11.832159566199232,0.0004152823920265781,5184.0,False,False,True
19.0,6,250.0,100.0,3282,15.0,71,0.030469226081657527,15.811388300841896,0.0003046922608165753,10000.0,False,False,True
18.0,6,250.0,88.0,3139,14.5,71,0.028034405861739407,15.811388300841896,0.00031857279388340236,7744.0,False,False,True
23.0,4,122.0,86.0,2220,14.0,71,0.03873873873873874,11.045361017187261,0.00045045045045045046,7396.0,False,False,True
28.0,4,116.0,90.0,2123,14.0,71,0.04239284032030146,10.770329614269007,0.0004710315591144607,8100.0,True,False,False
30.0,4,79.0,70.0,2074,19.5,71,0.033751205400192864,8.888194417315589,0.00048216007714561236,4900.0,True,False,False
30.0,4,88.0,76.0,2065,14.5,71,0.036803874092009685,9.38083151964686,0.00048426150121065375,5776.0,True,False,False
31.0,4,71.0,65.0,1773,19.0,71,0.03666102650874224,8.426149773176359,0.0005640157924421884,4225.0,False,True,False
35.0,4,72.0,69.0,1613,18.0,71,0.04277743335399876,8.48528137423857,0.0006199628022318661,4761.0,False,True,False
27.0,4,97.0,60.0,1834,19.0,71,0.03271537622682661,9.848857801796104,0.0005452562704471102,3600.0,True,False,False
26.0,4,91.0,70.0,1955,20.5,71,0.03580562659846547,9.539392014169456,0.0005115089514066496,4900.0,False,False,True
24.0,4,113.0,95.0,2278,15.5,72,0.04170324846356453,10.63014581273465,0.0004389815627743635,9025.0,False,True,False
25.0,4,97.5,80.0,2126,17.0,72,0.03762935089369708,9.874208829065749,0.00047036688617121356,6400.0,False,False,True
23.0,4,97.0,54.0,2254,23.5,72,0.023957409050576754,9.848857801796104,0.00044365572315882877,2916.0,True,False,False
20.0,4,140.0,90.0,2408,19.5,72,0.03737541528239203,11.832159566199232,0.0004152823920265781,8100.0,False,False,True
21.0,4,122.0,86.0,2226,16.5,72,0.03863432165318958,11.045361017187261,0.0004492362982929021,7396.0,False,False,True
13.0,8,350.0,165.0,4274,12.0,72,0.0386055217594759,18.708286933869708,0.0002339728591483388,27225.0,False,False,True
14.0,8,400.0,175.0,4385,12.0,72,0.039908779931584946,20.0,0.00022805017103762827,30625.0,False,False,True
15.0,8,318.0,150.0,4135,13.5,72,0.036275695284159616,17.832554500127006,0.0002418379685610641,22500.0,False,False,True
14.0,8,351.0,153.0,4129,13.0,72,0.03705497699200775,18.734993995195193,0.0002421893921046258,23409.0,False,False,True
17.0,8,304.0,150.0,3672,11.5,72,0.04084967320261438,17.435595774162696,0.0002723311546840959,22500.0,False,False,True
11.0,8,429.0,208.0,4633,11.0,72,0.044895316209799266,20.71231517720798,0.0002158428663932657,43264.0,False,False,True
13.0,8,350.0,155.0,4502,13.5,72,0.03442914260328743,18.708286933869708,0.0002221235006663705,24025.0,False,False,True
12.0,8,350.0,160.0,4456,13.5,72,0.03590664272890485,18.708286933869708,0.0002244165170556553,25600.0,False,False,True
13.0,8,400.0,190.0,4422,12.5,72,0.04296698326549073,20.0,0.0002261420171867933,36100.0,False,False,True
19.0,3,70.0,97.0,2330,13.5,72,0.041630901287553645,8.366600265340756,0.00042918454935622315,9409.0,False,True,False
15.0,8,304.0,150.0,3892,12.5,72,0.03854059609455293,17.435595774162696,0.00025693730729701953,22500.0,False,False,True
13.0,8,307.0,130.0,4098,14.0,72,0.0317227916056613,17.52141546793523,0.0002440214738897023,16900.0,False,False,True
13.0,8,302.0,140.0,4294,16.0,72,0.032603632976245925,17.378147196982766,0.0002328830926874709,19600.0,False,False,True
14.0,8,318.0,150.0,4077,14.0,72,0.03679175864606328,17.832554500127006,0.0002452783909737552,22500.0,False,False,True
18.0,4,121.0,112.0,2933,14.5,72,0.03818615751789976,11.0,0.00034094783498124785,12544.0,True,False,False
22.0,4,121.0,76.0,2511,18.0,72,0.030266825965750695,11.0,0.00039824771007566706,5776.0,True,False,False
21.0,4,120.0,87.0,2979,19.5,72,0.02920443101711984,10.954451150103322,0.0003356831151393085,7569.0,True,False,False
26.0,4,96.0,69.0,2189,18.0,72,0.031521242576518956,9.797958971132712,0.00045682960255824577,4761.0,True,False,False
22.0,4,122.0,86.0,2395,16.0,72,0.03590814196242171,11.045361017187261,0.0004175365344467641,7396.0,False,False,True
28.0,4,97.0,92.0,2288,17.0,72,0.04020979020979021,9.848857801796104,0.00043706293706293706,8464.0,False,True,False
23.0,4,120.0,97.0,2506,14.5,72,0.038707102952913006,10.954451150103322,0.0003990422984836393,9409.0,False,True,False
28.0,4,98.0,80.0,2164,15.0,72,0.036968576709796676,9.899494936611665,0.0004621072088724584,6400.0,False,False,True
27.0,4,97.0,88.0,2100,16.5,72,0.0419047619047619,9.848857801796104,0.0004761904761904762,7744.0,False,True,False
13.0,8,350.0,175.0,4100,13.0,73,0.042682926829268296,18.708286933869708,0.00024390243902439024,30625.0,False,False,True
14.0,8,304.0,150.0,3672,11.5,73,0.04084967320261438,17.435595774162696,0.0002723311546840959,22500.0,False,False,True
13.0,8,350.0,145.0,3988,13.0,73,0.03635907723169508,18.708286933869708,0.00025075225677031093,21025.0,False,False,True
14.0,8,302.0,137.0,4042,14.5,73,0.0338941118258288,17.378147196982766,0.00024740227610094015,18769.0,False,False,True
15.0,8,318.0,150.0,3777,12.5,73,0.03971405877680699,17.832554500127006,0.00026476039184537993,22500.0,False,False,True
12.0,8,429.0,198.0,4952,11.5,73,0.03998384491114701,20.71231517720798,0.00020193861066235866,39204.0,False,False,True
13.0,8,400.0,150.0,4464,12.0,73,0.033602150537634407,20.0,0.00022401433691756272,22500.0,False,False,True
13.0,8,351.0,158.0,4363,13.0,73,0.03621361448544579,18.734993995195193,0.00022920009168003668,24964.0,False,False,True
14.0,8,318.0,150.0,4237,14.5,73,0.03540240736370073,17.832554500127006,0.0002360160490913382,22500.0,False,False,True
13.0,8,440.0,215.0,4735,11.0,73,0.0454065469904963,20.97617696340303,0.00021119324181626187,46225.0,False,False,True
12.0,8,455.0,225.0,4951,11.0,73,0.045445364572813576,21.330729007701542,0.00020197939810139365,50625.0,False,False,True
13.0,8,360.0,175.0,3821,11.0,73,0.04579952891913112,18.973665961010276,0.00026171159382360636,30625.0,False,False,True
18.0,6,225.0,105.0,3121,16.5,73,0.03364306312079462,15.0,0.0003204101249599487,11025.0,False,False,True
16.0,6,250.0,100.0,3278,18.0,73,0.03050640634533252,15.811388300841896,0.0003050640634533252,10000.0,False,False,True
18.0,6,232.0,100.0,2945,16.0,73,0.03395585738539898,15.231546211727817,0.00033955857385398983,10000.0,False,False,True
18.0,6,250.0,88.0,3021,16.5,73,0.029129427341939754,15.811388300841896,0.00033101621979476995,7744.0,False,False,True
23.0,6,198.0,95.0,2904,16.0,73,0.03271349862258953,14.071247279470288,0.0003443526170798898,9025.0,False,False,True
26.0,4,97.0,46.0,1950,21.0,73,0.02358974358974359,9.848857801796104,0.0005128205128205128,2116.0,True,False,False
11.0,8,400.0,150.0,4997,14.0,73,0.03001801080648389,20.0,0.00020012007204322593,22500.0,False,False,True
12.0,8,400.0,167.0,4906,12.5,73,0.03403995108030983,20.0,0.00020383204239706482,27889.0,False,False,True
13.0,8,360.0,170.0,4654,13.0,73,0.0365277180919639,18.973665961010276,0.00021486892995272884,28900.0,False,False,True
12.0,8,350.0,180.0,4499,12.5,73,0.04000889086463658,18.708286933869708,0.0002222716159146477,32400.0,False,False,True
18.0,6,232.0,100.0,2789,15.0,73,0.035855145213338116,15.231546211727817,0.00035855145213338117,10000.0,False,False,True
20.0,4,97.0,88.0,2279,19.0,73,0.03861342694164107,9.848857801796104,0.00043878894251864854,7744.0,False,True,False
21.0,4,140.0,72.0,2401,19.5,73,0.029987505206164097,11.832159566199232,0.00041649312786339027,5184.0,False,False,True
22.0,4,108.0,94.0,2379,16.5,73,0.039512400168137875,10.392304845413264,0.0004203446826397646,8836.0,False,True,False
18.0,3,70.0,90.0,2124,13.5,73,0.0423728813559322,8.366600265340756,0.00047080979284369113,8100.0,False,True,False
19.0,4,122.0,85.0,2310,18.5,73,0.0367965367965368,11.045361017187261,0.0004329004329004329,7225.0,False,False,True
21.0,6,155.0,107.0,2472,14.0,73,0.043284789644012944,12.449899597988733,0.0004045307443365696,11449.0,False,False,True
26.0,4,98.0,90.0,2265,15.5,73,0.039735099337748346,9.899494936611665,0.0004415011037527594,8100.0,True,False,False
15.0,8,350.0,145.0,4082,13.0,73,0.035521803037726604,18.708286933869708,0.0002449779519843214,21025.0,False,False,True
16.0,8,400.0,230.0,4278,9.5,73,0.053763440860215055,20.0,0.0002337540906965872,52900.0,False,False,True
29.0,4,68.0,49.0,1867,19.5,73,0.026245313336904125,8.246211251235321,0.0005356186395286556,2401.0,True,False,False
24.0,4,116.0,75.0,2158,15.5,73,0.03475440222428174,10.770329614269007,0.0004633920296570899,5625.0,True,False,False
20.0,4,114.0,91.0,2582,14.0,73,0.03524399690162665,10.677078252031311,0.0003872966692486445,8281.0,True,False,False
19.0,4,121.0,112.0,2868,15.5,73,0.03905160390516039,11.0,0.0003486750348675035,12544.0,True,False,False
15.0,8,318.0,150.0,3399,11.0,73,0.0441306266548985,17.832554500127006,0.0002942041776993233,22500.0,False,False,True
24.0,4,121.0,110.0,2660,14.0,73,0.041353383458646614,11.0,0.00037593984962406017,12100.0,True,False,False
20.0,6,156.0,122.0,2807,13.5,73,0.04346277164232276,12.489995996796797,0.0003562522265764161,14884.0,False,True,False
11.0,8,350.0,180.0,3664,11.0,73,0.04912663755458515,18.708286933869708,0.0002729257641921397,32400.0,False,False,True
20.0,6,198.0,95.0,3102,16.5,74,0.030625402965828497,14.071247279470288,0.0003223726627981947,9025.0,False,False,True
21.0,6,200.0,93.5,2875,17.0,74,0.03252173913043478,14.142135623730951,0.00034782608695652176,8742.25,False,False,True
19.0,6,232.0,100.0,2901,16.0,74,0.03447087211306446,15.231546211727817,0.0003447087211306446,10000.0,False,False,True
15.0,6,250.0,100.0,3336,17.0,74,0.02997601918465228,15.811388300841896,0.00029976019184652276,10000.0,False,False,True
31.0,4,79.0,67.0,1950,19.0,74,0.03435897435897436,8.888194417315589,0.0005128205128205128,4489.0,False,True,False
26.0,4,122.0,80.0,2451,16.5,74,0.032639738882088945,11.045361017187261,0.0004079967360261118,6400.0,False,False,True
32.0,4,71.0,65.0,1836,21.0,74,0.03540305010893246,8.426149773176359,0.0005446623093681918,4225.0,False,True,False
25.0,4,140.0,75.0,2542,17.0,74,0.029504327301337528,11.832159566199232,0.0003933910306845004,5625.0,False,False,True
16.0,6,250.0,100.0,3781,17.0,74,0.026448029621793177,15.811388300841896,0.0002644802962179318,10000.0,False,False,True
16.0,6,258.0,110.0,3632,18.0,74,0.0302863436123348,16.06237840420901,0.00027533039647577095,12100.0,False,False,True
18.0,6,225.0,105.0,3613,16.5,74,0.029061721561029614,15.0,0.0002767783005812344,11025.0,False,False,True
16.0,8,302.0,140.0,4141,14.0,74,0.03380825887466796,17.378147196982766,0.0002414875633904854,19600.0,False,False,True
13.0,8,350.0,150.0,4699,14.5,74,0.03192168546499255,18.708286933869708,0.00021281123643328368,22500.0,False,False,True
14.0,8,318.0,150.0,4457,13.5,74,0.03365492483733453,17.832554500127006,0.0002243661655822302,22500.0,False,False,True
14.0,8,302.0,140.0,4638,16.0,74,0.030185424752048298,17.378147196982766,0.00021561017680034498,19600.0,False,False,True
14.0,8,304.0,150.0,4257,15.5,74,0.035236081747709654,17.435595774162696,0.0002349072116513977,22500.0,False,False,True
29.0,4,98.0,83.0,2219,16.5,74,0.03740423614240649,9.899494936611665,0.0004506534474988734,6889.0,True,False,False
26.0,4,79.0,67.0,1963,15.5,74,0.03413143148242486,8.888194417315589,0.0005094243504839531,4489.0,True,False,False
26.0,4,97.0,78.0,2300,14.5,74,0.03391304347826087,9.848857801796104,0.0004347826086956522,6084.0,True,False,False
31.0,4,76.0,52.0,1649,16.5,74,0.031534263189812006,8.717797887081348,0.0006064281382656155,2704.0,False,True,False
32.0,4,83.0,61.0,2003,19.0,74,0.030454318522216674,9.1104335791443,0.0004992511233150275,3721.0,False,True,False
28.0,4,90.0,75.0,2125,14.5,74,0.03529411764705882,9.486832980505138,0.00047058823529411766,5625.0,False,False,True
24.0,4,90.0,75.0,2108,15.5,74,0.03557874762808349,9.486832980505138,0.0004743833017077799,5625.0,True,False,False
26.0,4,116.0,75.0,2246,14.0,74,0.033392698130008905,10.770329614269007,0.0004452359750667854,5625.0,True,False,False
24.0,4,120.0,97.0,2489,15.0,74,0.038971474487746086,10.954451150103322,0.0004017677782241864,9409.0,False,True,False
26.0,4,108.0,93.0,2391,15.5,74,0.03889585947302384,10.392304845413264,0.0004182350480970305,8649.0,False,True,False
31.0,4,79.0,67.0,2000,16.0,74,0.0335,8.888194417315589,0.0005,4489.0,True,False,False
19.0,6,225.0,95.0,3264,16.0,75,0.029105392156862746,15.0,0.00030637254901960784,9025.0,False,False,True
18.0,6,250.0,105.0,3459,16.0,75,0.030355594102341718,15.811388300841896,0.0002891008962127783,11025.0,False,False,True
15.0,6,250.0,72.0,3432,21.0,75,0.02097902097902098,15.811388300841896,0.0002913752913752914,5184.0,False,False,True
15.0,6,250.0,72.0,3158,19.5,75,0.022799240025332488,15.811388300841896,0.00031665611146295124,5184.0,False,False,True
16.0,8,400.0,170.0,4668,11.5,75,0.03641816623821765,20.0,0.00021422450728363326,28900.0,False,False,True
15.0,8,350.0,145.0,4440,14.0,75,0.03265765765765766,18.708286933869708,0.00022522522522522523,21025.0,False,False,True
16.0,8,318.0,150.0,4498,14.5,75,0.03334815473543797,17.832554500127006,0.00022232103156958648,22500.0,False,False,True
14.0,8,351.0,148.0,4657,13.5,75,0.031780115954477134,18.734993995195193,0.00021473051320592657,21904.0,False,False,True
17.0,6,231.0,110.0,3907,21.0,75,0.028154594317890965,15.198684153570664,0.0002559508574353724,12100.0,False,False,True
16.0,6,250.0,105.0,3897,18.5,75,0.026943802925327175,15.811388300841896,0.00025660764690787786,11025.0,False,False,True
15.0,6,258.0,110.0,3730,19.0,75,0.029490616621983913,16.06237840420901,0.00026809651474530834,12100.0,False,False,True
18.0,6,225.0,95.0,3785,19.0,75,0.02509907529722589,15.0,0.0002642007926023778,9025.0,False,False,True
21.0,6,231.0,110.0,3039,15.0,75,0.0361961171437973,15.198684153570664,0.0003290556103981573,12100.0,False,False,True
20.0,8,262.0,110.0,3221,13.5,75,0.034150884818379384,16.186414056238647,0.0003104625892579944,12100.0,False,False,True
13.0,8,302.0,129.0,3169,12.0,75,0.04070684758598927,17.378147196982766,0.0003155569580309246,16641.0,False,False,True
29.0,4,97.0,75.0,2171,16.0,75,0.03454629203132197,9.848857801796104,0.00046061722708429296,5625.0,False,True,False
23.0,4,140.0,83.0,2639,17.0,75,0.03145130731337628,11.832159566199232,0.00037893141341417203,6889.0,False,False,True
20.0,6,232.0,100.0,2914,16.0,75,0.03431708991077557,15.231546211727817,0.00034317089910775565,10000.0,False,False,True
23.0,4,140.0,78.0,2592,18.5,75,0.03009259259259259,11.832159566199232,0.00038580246913580245,6084.0,False,False,True
24.0,4,134.0,96.0,2702,13.5,75,0.03552923760177646,11.575836902790225,0.0003700962250185048,9216.0,False,True,False
25.0,4,90.0,71.0,2223,16.5,75,0.031938821412505626,9.486832980505138,0.000449842555105713,5041.0,True,False,False
24.0,4,119.0,97.0,2545,17.0,75,0.0381139489194499,10.908712114635714,0.0003929273084479371,9409.0,False,True,False
18.0,6,171.0,97.0,2984,14.5,75,0.032506702412868634,13.076696830622021,0.0003351206434316354,9409.0,False,False,True
29.0,4,90.0,70.0,1937,14.0,75,0.036138358286009295,9.486832980505138,0.0005162622612287042,4900.0,True,False,False
19.0,6,232.0,90.0,3211,17.0,75,0.02802865151043289,15.231546211727817,0.0003114294612270321,8100.0,False,False,True
23.0,4,115.0,95.0,2694,15.0,75,0.03526354862657758,10.723805294763608,0.0003711952487008166,9025.0,True,False,False
23.0,4,120.0,88.0,2957,17.0,75,0.029759891782211702,10.954451150103322,0.00033818058843422386,7744.0,True,False,False
22.0,4,121.0,98.0,2945,14.5,75,0.033276740237691005,11.0,0.00033955857385398983,9604.0,True,False,False
25.0,4,121.0,115.0,2671,13.5,75,0.0430550355672033,11.0,0.00037439161362785476,13225.0,True,False,False
33.0,4,91.0,53.0,1795,17.5,75,0.029526462395543174,9.539392014169456,0.0005571030640668524,2809.0,False,True,False
28.0,4,107.0,86.0,2464,15.5,76,0.0349025974025974,10.344080432788601,0.00040584415584415587,7396.0,True,False,False
25.0,4,116.0,81.0,2220,16.9,76,0.03648648648648649,10.770329614269007,0.00045045045045045046,6561.0,True,False,False
25.0,4,140.0,92.0,2572,14.9,76,0.03576982892690513,11.832159566199232,0.00038880248833592535,8464.0,False,False,True
26.0,4,98.0,79.0,2255,17.7,76,0.03503325942350333,9.899494936611665,0.0004434589800443459,6241.0,False,False,True
27.0,4,101.0,83.0,2202,15.3,76,0.037693006357856496,10.04987562112089,0.00045413260672116256,6889.0,True,False,False
17.5,8,305.0,140.0,4215,13.0,76,0.033214709371293,17.46424919657298,0.00023724792408066428,19600.0,False,False,True
16.0,8,318.0,150.0,4190,13.0,76,0.03579952267303103,17.832554500127006,0.00023866348448687351,22500.0,False,False,True
15.5,8,304.0,120.0,3962,13.9,76,0.03028773346794548,17.435595774162696,0.0002523977788995457,14400.0,False,False,True
14.5,8,351.0,152.0,4215,12.8,76,0.03606168446026097,18.734993995195193,0.00023724792408066428,23104.0,False,False,True
22.0,6,225.0,100.0,3233,15.4,76,0.03093102381688834,15.0,0.0003093102381688834,10000.0,False,False,True
22.0,6,250.0,105.0,3353,14.5,76,0.031315240083507306,15.811388300841896,0.00029824038174768865,11025.0,False,False,True
24.0,6,200.0,81.0,3012,17.6,76,0.026892430278884463,14.142135623730951,0.00033200531208499334,6561.0,False,False,True
22.5,6,232.0,90.0,3085,17.6,76,0.029173419773095625,15.231546211727817,0.00032414910858995135,8100.0,False,False,True
29.0,4,85.0,52.0,2035,22.2,76,0.025552825552825554,9.219544457292887,0.0004914004914004914,2704.0,False,False,True
24.5,4,98.0,60.0,2164,22.1,76,0.027726432532347505,9.899494936611665,0.0004621072088724584,3600.0,False,False,True
29.0,4,90.0,70.0,1937,14.2,76,0.036138358286009295,9.486832980505138,0.0005162622612287042,4900.0,True,False,False
33.0,4,91.0,53.0,1795,17.4,76,0.029526462395543174,9.539392014169456,0.0005571030640668524,2809.0,False,True,False
20.0,6,225.0,100.0,3651,17.7,76,0.027389756231169543,15.0,0.0002738975623116954,10000.0,False,False,True
18.0,6,250.0,78.0,3574,21.0,76,0.02182428651371013,15.811388300841896,0.0002797985450475658,6084.0,False,False,True
18.5,6,250.0,110.0,3645,16.2,76,0.03017832647462277,15.811388300841896,0.00027434842249657066,12100.0,False,False,True
17.5,6,258.0,95.0,3193,17.8,76,0.029752583777012214,16.06237840420901,0.00031318509238960227,9025.0,False,False,True
29.5,4,97.0,71.0,1825,12.2,76,0.03890410958904109,9.848857801796104,0.000547945205479452,5041.0,True,False,False
32.0,4,85.0,70.0,1990,17.0,76,0.035175879396984924,9.219544457292887,0.0005025125628140704,4900.0,False,True,False
28.0,4,97.0,75.0,2155,16.4,76,0.03480278422273782,9.848857801796104,0.0004640371229698376,5625.0,False,True,False
26.5,4,140.0,72.0,2565,13.6,76,0.028070175438596492,11.832159566199232,0.0003898635477582846,5184.0,False,False,True
20.0,4,130.0,102.0,3150,15.7,76,0.03238095238095238,11.40175425099138,0.00031746031746031746,10404.0,True,False,False
13.0,8,318.0,150.0,3940,13.2,76,0.03807106598984772,17.832554500127006,0.0002538071065989848,22500.0,False,False,True
19.0,4,120.0,88.0,3270,21.9,76,0.02691131498470948,10.954451150103322,0.0003058103975535168,7744.0,True,False,False
19.0,6,156.0,108.0,2930,15.5,76,0.03686006825938567,12.489995996796797,0.00034129692832764505,11664.0,False,True,False
16.5,6,168.0,120.0,3820,16.7,76,0.031413612565445025,12.96148139681572,0.0002617801047120419,14400.0,True,False,False
16.5,8,350.0,180.0,4380,12.1,76,0.0410958904109589,18.708286933869708,0.00022831050228310502,32400.0,False,False,True
13.0,8,350.0,145.0,4055,12.0,76,0.035758323057953144,18.708286933869708,0.0002466091245376079,21025.0,False,False,True
13.0,8,302.0,130.0,3870,15.0,76,0.03359173126614987,17.378147196982766,0.00025839793281653745,16900.0,False,False,True
13.0,8,318.0,150.0,3755,14.0,76,0.03994673768308921,17.832554500127006,0.0002663115845539281,22500.0,False,False,True
31.5,4,98.0,68.0,2045,18.5,77,0.033251833740831294,9.899494936611665,0.0004889975550122249,4624.0,False,True,False
30.0,4,111.0,80.0,2155,14.8,77,0.037122969837587005,10.535653752852738,0.0004640371229698376,6400.0,False,False,True
36.0,4,79.0,58.0,1825,18.6,77,0.03178082191780822,8.888194417315589,0.000547945205479452,3364.0,True,False,False
25.5,4,122.0,96.0,2300,15.5,77,0.04173913043478261,11.045361017187261,0.0004347826086956522,9216.0,False,False,True
33.5,4,85.0,70.0,1945,16.8,77,0.03598971722365039,9.219544457292887,0.0005141388174807198,4900.0,False,True,False
17.5,8,305.0,145.0,3880,12.5,77,0.037371134020618556,17.46424919657298,0.0002577319587628866,21025.0,False,False,True
17.0,8,260.0,110.0,4060,19.0,77,0.027093596059113302,16.1245154965971,0.0002463054187192118,12100.0,False,False,True
15.5,8,318.0,145.0,4140,13.7,77,0.035024154589371984,17.832554500127006,0.00024154589371980676,21025.0,False,False,True
15.0,8,302.0,130.0,4295,14.9,77,0.030267753201396973,17.378147196982766,0.00023282887077997672,16900.0,False,False,True
17.5,6,250.0,110.0,3520,16.4,77,0.03125,15.811388300841896,0.0002840909090909091,12100.0,False,False,True
20.5,6,231.0,105.0,3425,16.9,77,0.030656934306569343,15.198684153570664,0.00029197080291970805,11025.0,False,False,True
19.0,6,225.0,100.0,3630,17.7,77,0.027548209366391185,15.0,0.0002754820936639118,10000.0,False,False,True
18.5,6,250.0,98.0,3525,19.0,77,0.027801418439716313,15.811388300841896,0.00028368794326241134,9604.0,False,False,True
16.0,8,400.0,180.0,4220,11.1,77,0.04265402843601896,20.0,0.00023696682464454977,32400.0,False,False,True
15.5,8,350.0,170.0,4165,11.4,77,0.04081632653061224,18.708286933869708,0.00024009603841536616,28900.0,False,False,True
15.5,8,400.0,190.0,4325,12.2,77,0.04393063583815029,20.0,0.00023121387283236994,36100.0,False,False,True
16.0,8,351.0,149.0,4335,14.5,77,0.03437139561707036,18.734993995195193,0.0002306805074971165,22201.0,False,False,True
29.0,4,97.0,78.0,1940,14.5,77,0.04020618556701031,9.848857801796104,0.0005154639175257732,6084.0,True,False,False
24.5,4,151.0,88.0,2740,16.0,77,0.032116788321167884,12.288205727444508,0.000364963503649635,7744.0,False,False,True
26.0,4,97.0,75.0,2265,18.2,77,0.033112582781456956,9.848857801796104,0.0004415011037527594,5625.0,False,True,False
25.5,4,140.0,89.0,2755,15.8,77,0.032304900181488204,11.832159566199232,0.0003629764065335753,7921.0,False,False,True
30.5,4,98.0,63.0,2051,17.0,77,0.030716723549488054,9.899494936611665,0.00048756704046806434,3969.0,False,False,True
33.5,4,98.0,83.0,2075,15.9,77,0.04,9.899494936611665,0.00048192771084337347,6889.0,False,False,True
30.0,4,97.0,67.0,1985,16.4,77,0.033753148614609575,9.848857801796104,0.0005037783375314861,4489.0,False,True,False
30.5,4,97.0,78.0,2190,14.1,77,0.03561643835616438,9.848857801796104,0.00045662100456621003,6084.0,True,False,False
22.0,6,146.0,97.0,2815,14.5,77,0.034458259325044406,12.083045973594572,0.00035523978685612787,9409.0,False,True,False
21.5,4,121.0,110.0,2600,12.8,77,0.04230769230769231,11.0,0.0003846153846153846,12100.0,True,False,False
21.5,3,80.0,110.0,2720,13.5,77,0.04044117647058824,8.94427190999916,0.0003676470588235294,12100.0,False,True,False
43.1,4,90.0,48.0,1985,21.5,78,0.024181360201511334,9.486832980505138,0.0005037783375314861,2304.0,True,False,False
36.1,4,98.0,66.0,1800,14.4,78,0.03666666666666667,9.899494936611665,0.0005555555555555556,4356.0,False,False,True
32.8,4,78.0,52.0,1985,19.4,78,0.02619647355163728,8.831760866327848,0.0005037783375314861,2704.0,False,True,False
39.4,4,85.0,70.0,2070,18.6,78,0.033816425120772944,9.219544457292887,0.0004830917874396135,4900.0,False,True,False
36.1,4,91.0,60.0,1800,16.4,78,0.03333333333333333,9.539392014169456,0.0005555555555555556,3600.0,False,True,False
19.9,8,260.0,110.0,3365,15.5,78,0.03268945022288262,16.1245154965971,0.00029717682020802375,12100.0,False,False,True
19.4,8,318.0,140.0,3735,13.2,78,0.03748326639892905,17.832554500127006,0.0002677376171352075,19600.0,False,False,True
20.2,8,302.0,139.0,3570,12.8,78,0.03893557422969188,17.378147196982766,0.00028011204481792715,19321.0,False,False,True
19.2,6,231.0,105.0,3535,19.2,78,0.0297029702970297,15.198684153570664,0.0002828854314002829,11025.0,False,False,True
20.5,6,200.0,95.0,3155,18.2,78,0.030110935023771792,14.142135623730951,0.0003169572107765452,9025.0,False,False,True
20.2,6,200.0,85.0,2965,15.8,78,0.02866779089376054,14.142135623730951,0.0003372681281618887,7225.0,False,False,True
25.1,4,140.0,88.0,2720,15.4,78,0.03235294117647059,11.832159566199232,0.0003676470588235294,7744.0,False,False,True
20.5,6,225.0,100.0,3430,17.2,78,0.029154518950437316,15.0,0.0002915451895043732,10000.0,False,False,True
19.4,6,232.0,90.0,3210,17.2,78,0.028037383177570093,15.231546211727817,0.00031152647975077883,8100.0,False,False,True
20.6,6,231.0,105.0,3380,15.8,78,0.03106508875739645,15.198684153570664,0.0002958579881656805,11025.0,False,False,True
20.8,6,200.0,85.0,3070,16.7,78,0.02768729641693811,14.142135623730951,0.0003257328990228013,7225.0,False,False,True
18.6,6,225.0,110.0,3620,18.7,78,0.03038674033149171,15.0,0.00027624309392265195,12100.0,False,False,True
18.1,6,258.0,120.0,3410,15.1,78,0.03519061583577713,16.06237840420901,0.0002932551319648094,14400.0,False,False,True
19.2,8,305.0,145.0,3425,13.2,78,0.042335766423357665,17.46424919657298,0.00029197080291970805,21025.0,False,False,True
17.7,6,231.0,165.0,3445,13.4,78,0.047895500725689405,15.198684153570664,0.00029027576197387516,27225.0,False,False,True
18.1,8,302.0,139.0,3205,11.2,78,0.04336973478939157,17.378147196982766,0.00031201248049921997,19321.0,False,False,True
17.5,8,318.0,140.0,4080,13.7,78,0.03431372549019608,17.832554500127006,0.00024509803921568627,19600.0,False,False,True
30.0,4,98.0,68.0,2155,16.5,78,0.03155452436194896,9.899494936611665,0.0004640371229698376,4624.0,False,False,True
27.5,4,134.0,95.0,2560,14.2,78,0.037109375,11.575836902790225,0.000390625,9025.0,False,True,False
27.2,4,119.0,97.0,2300,14.7,78,0.04217391304347826,10.908712114635714,0.0004347826086956522,9409.0,False,True,False
30.9,4,105.0,75.0,2230,14.5,78,0.033632286995515695,10.246950765959598,0.0004484304932735426,5625.0,False,False,True
21.1,4,134.0,95.0,2515,14.8,78,0.03777335984095427,11.575836902790225,0.00039761431411530816,9025.0,False,True,False
23.2,4,156.0,105.0,2745,16.7,78,0.03825136612021858,12.489995996796797,0.00036429872495446266,11025.0,False,False,True
23.8,4,151.0,85.0,2855,17.6,78,0.0297723292469352,12.288205727444508,0.0003502626970227671,7225.0,False,False,True
23.9,4,119.0,97.0,2405,14.9,78,0.040332640332640335,10.908712114635714,0.0004158004158004158,9409.0,False,True,False
20.3,5,131.0,103.0,2830,15.9,78,0.036395759717314485,11.445523142259598,0.00035335689045936394,10609.0,True,False,False
17.0,6,163.0,125.0,3140,13.6,78,0.03980891719745223,12.767145334803704,0.0003184713375796178,15625.0,True,False,False
21.6,4,121.0,115.0,2795,15.7,78,0.04114490161001789,11.0,0.00035778175313059033,13225.0,True,False,False
16.2,6,163.0,133.0,3410,15.8,78,0.03900293255131965,12.767145334803704,0.0002932551319648094,17689.0,True,False,False
31.5,4,89.0,71.0,1990,14.9,78,0.035678391959798994,9.433981132056603,0.0005025125628140704,5041.0,True,False,False
29.5,4,98.0,68.0,2135,16.6,78,0.03185011709601874,9.899494936611665,0.000468384074941452,4624.0,False,True,False
21.5,6,231.0,115.0,3245,15.4,79,0.03543913713405239,15.198684153570664,0.0003081664098613251,13225.0,False,False,True
19.8,6,200.0,85.0,2990,18.2,79,0.028428093645484948,14.142135623730951,0.00033444816053511704,7225.0,False,False,True
22.3,4,140.0,88.0,2890,17.3,79,0.03044982698961938,11.832159566199232,0.00034602076124567473,7744.0,False,False,True
20.2,6,232.0,90.0,3265,18.2,79,0.027565084226646247,15.231546211727817,0.00030627871362940275,8100.0,False,False,True
20.6,6,225.0,110.0,3360,16.6,79,0.03273809523809524,15.0,0.00029761904761904765,12100.0,False,False,True
17.0,8,305.0,130.0,3840,15.4,79,0.033854166666666664,17.46424919657298,0.00026041666666666666,16900.0,False,False,True
17.6,8,302.0,129.0,3725,13.4,79,0.03463087248322148,17.378147196982766,0.00026845637583892615,16641.0,False,False,True
16.5,8,351.0,138.0,3955,13.2,79,0.03489254108723135,18.734993995195193,0.00025284450063211124,19044.0,False,False,True
18.2,8,318.0,135.0,3830,15.2,79,0.03524804177545692,17.832554500127006,0.0002610966057441253,18225.0,False,False,True
16.9,8,350.0,155.0,4360,14.9,79,0.03555045871559633,18.708286933869708,0.00022935779816513763,24025.0,False,False,True
15.5,8,351.0,142.0,4054,14.3,79,0.03502713369511593,18.734993995195193,0.000246669955599408,20164.0,False,False,True
19.2,8,267.0,125.0,3605,15.0,79,0.03467406380027739,16.34013463836819,0.00027739251040221914,15625.0,False,False,True
18.5,8,360.0,150.0,3940,13.0,79,0.03807106598984772,18.973665961010276,0.0002538071065989848,22500.0,False,False,True
31.9,4,89.0,71.0,1925,14.0,79,0.036883116883116886,9.433981132056603,0.0005194805194805195,5041.0,True,False,False
34.1,4,86.0,65.0,1975,15.2,79,0.03291139240506329,9.273618495495704,0.0005063291139240507,4225.0,False,True,False
35.7,4,98.0,80.0,1915,14.4,79,0.04177545691906005,9.899494936611665,0.0005221932114882506,6400.0,False,False,True
27.4,4,121.0,80.0,2670,15.0,79,0.0299625468164794,11.0,0.0003745318352059925,6400.0,False,False,True
25.4,5,183.0,77.0,3530,20.1,79,0.02181303116147309,13.527749258468683,0.00028328611898016995,5929.0,True,False,False
23.0,8,350.0,125.0,3900,17.4,79,0.03205128205128205,18.708286933869708,0.0002564102564102564,15625.0,False,False,True
27.2,4,141.0,71.0,3190,24.8,79,0.02225705329153605,11.874342087037917,0.00031347962382445143,5041.0,True,False,False
23.9,8,260.0,90.0,3420,22.2,79,0.02631578947368421,16.1245154965971,0.00029239766081871346,8100.0,False,False,True
34.2,4,105.0,70.0,2200,13.2,79,0.031818181818181815,10.246950765959598,0.00045454545454545455,4900.0,False,False,True
34.5,4,105.0,70.0,2150,14.9,79,0.03255813953488372,10.246950765959598,0.00046511627906976747,4900.0,False,False,True
31.8,4,85.0,65.0,2020,19.2,79,0.03217821782178218,9.219544457292887,0.0004950495049504951,4225.0,False,True,False
37.3,4,91.0,69.0,2130,14.7,79,0.0323943661971831,9.539392014169456,0.00046948356807511736,4761.0,True,False,False
28.4,4,151.0,90.0,2670,16.0,79,0.033707865168539325,12.288205727444508,0.0003745318352059925,8100.0,False,False,True
28.8,6,173.0,115.0,2595,11.3,79,0.04431599229287091,13.152946437965905,0.0003853564547206166,13225.0,False,False,True
26.8,6,173.0,115.0,2700,12.9,79,0.04259259259259259,13.152946437965905,0.00037037037037037035,13225.0,False,False,True
33.5,4,151.0,90.0,2556,13.2,79,0.035211267605633804,12.288205727444508,0.0003912363067292645,8100.0,False,False,True
41.5,4,98.0,76.0,2144,14.7,80,0.03544776119402985,9.899494936611665,0.0004664179104477612,5776.0,True,False,False
38.1,4,89.0,60.0,1968,18.8,80,0.03048780487804878,9.433981132056603,0.0005081300813008131,3600.0,False,True,False
32.1,4,98.0,70.0,2120,15.5,80,0.0330188679245283,9.899494936611665,0.0004716981132075472,4900.0,False,False,True
37.2,4,86.0,65.0,2019,16.4,80,0.032194155522535906,9.273618495495704,0.0004952947003467063,4225.0,False,True,False
28.0,4,151.0,90.0,2678,16.5,80,0.033607169529499624,12.288205727444508,0.0003734129947722181,8100.0,False,False,True
26.4,4,140.0,88.0,2870,18.1,80,0.030662020905923345,11.832159566199232,0.0003484320557491289,7744.0,False,False,True
24.3,4,151.0,90.0,3003,20.1,80,0.029970029970029972,12.288205727444508,0.000333000333000333,8100.0,False,False,True
19.1,6,225.0,90.0,3381,18.7,80,0.026619343389529725,15.0,0.0002957704821058858,8100.0,False,False,True
34.3,4,97.0,78.0,2188,15.8,80,0.0356489945155393,9.848857801796104,0.0004570383912248629,6084.0,True,False,False
29.8,4,134.0,90.0,2711,15.5,80,0.033198081888601995,11.575836902790225,0.00036886757654002215,8100.0,False,True,False
31.3,4,120.0,75.0,2542,17.5,80,0.029504327301337528,10.954451150103322,0.0003933910306845004,5625.0,False,True,False
37.0,4,119.0,92.0,2434,15.0,80,0.03779786359901397,10.908712114635714,0.0004108463434675431,8464.0,False,True,False
32.2,4,108.0,75.0,2265,15.2,80,0.033112582781456956,10.392304845413264,0.0004415011037527594,5625.0,False,True,False
46.6,4,86.0,65.0,2110,17.9,80,0.030805687203791468,9.273618495495704,0.00047393364928909954,4225.0,False,True,False
27.9,4,156.0,105.0,2800,14.4,80,0.0375,12.489995996796797,0.00035714285714285714,11025.0,False,False,True
40.8,4,85.0,65.0,2110,19.2,80,0.030805687203791468,9.219544457292887,0.00047393364928909954,4225.0,False,True,False
44.3,4,90.0,48.0,2085,21.7,80,0.02302158273381295,9.486832980505138,0.00047961630695443646,2304.0,True,False,False
43.4,4,90.0,48.0,2335,23.7,80,0.020556745182012847,9.486832980505138,0.00042826552462526765,2304.0,True,False,False
36.4,5,121.0,67.0,2950,19.9,80,0.02271186440677966,11.0,0.00033898305084745765,4489.0,True,False,False
30.0,4,146.0,67.0,3250,21.8,80,0.020615384615384615,12.083045973594572,0.0003076923076923077,4489.0,True,False,False
44.6,4,91.0,67.0,1850,13.8,80,0.036216216216216214,9.539392014169456,0.0005405405405405405,4489.0,False,True,False
40.9,4,85.0,93.5,1835,17.3,80,0.050953678474114444,9.219544457292887,0.0005449591280653951,8742.25,True,False,False
33.8,4,97.0,67.0,2145,18.0,80,0.031235431235431235,9.848857801796104,0.0004662004662004662,4489.0,False,True,False
29.8,4,89.0,62.0,1845,15.3,80,0.03360433604336043,9.433981132056603,0.0005420054200542005,3844.0,True,False,False
32.7,6,168.0,132.0,2910,11.4,80,0.04536082474226804,12.96148139681572,0.0003436426116838488,17424.0,False,True,False
23.7,3,70.0,100.0,2420,12.5,80,0.04132231404958678,8.366600265340756,0.00041322314049586776,10000.0,False,True,False
35.0,4,122.0,88.0,2500,15.1,80,0.0352,11.045361017187261,0.0004,7744.0,True,False,False
23.6,4,140.0,93.5,2905,14.3,80,0.032185886402753876,11.832159566199232,0.00034423407917383823,8742.25,False,False,True
32.4,4,107.0,72.0,2290,17.0,80,0.0314410480349345,10.344080432788601,0.0004366812227074236,5184.0,False,True,False
27.2,4,135.0,84.0,2490,15.7,81,0.033734939759036145,11.61895003862225,0.00040160642570281126,7056.0,False,False,True
26.6,4,151.0,84.0,2635,16.4,81,0.031878557874762806,12.288205727444508,0.0003795066413662239,7056.0,False,False,True
25.8,4,156.0,92.0,2620,14.4,81,0.035114503816793895,12.489995996796797,0.0003816793893129771,8464.0,False,False,True
23.5,6,173.0,110.0,2725,12.6,81,0.04036697247706422,13.152946437965905,0.0003669724770642202,12100.0,False,False,True
30.0,4,135.0,84.0,2385,12.9,81,0.03522012578616352,11.61895003862225,0.0004192872117400419,7056.0,False,False,True
39.1,4,79.0,58.0,1755,16.9,81,0.03304843304843305,8.888194417315589,0.0005698005698005698,3364.0,False,True,False
39.0,4,86.0,64.0,1875,16.4,81,0.034133333333333335,9.273618495495704,0.0005333333333333334,4096.0,False,False,True
35.1,4,81.0,60.0,1760,16.1,81,0.03409090909090909,9.0,0.0005681818181818182,3600.0,False,True,False
32.3,4,97.0,67.0,2065,17.8,81,0.0324455205811138,9.848857801796104,0.00048426150121065375,4489.0,False,True,False
37.0,4,85.0,65.0,1975,19.4,81,0.03291139240506329,9.219544457292887,0.0005063291139240507,4225.0,False,True,False
37.7,4,89.0,62.0,2050,17.3,81,0.03024390243902439,9.433981132056603,0.0004878048780487805,3844.0,False,True,False
34.1,4,91.0,68.0,1985,16.0,81,0.03425692695214106,9.539392014169456,0.0005037783375314861,4624.0,False,True,False
34.7,4,105.0,63.0,2215,14.9,81,0.028442437923250564,10.246950765959598,0.0004514672686230248,3969.0,False,False,True
34.4,4,98.0,65.0,2045,16.2,81,0.03178484107579462,9.899494936611665,0.0004889975550122249,4225.0,False,False,True
29.9,4,98.0,65.0,2380,20.7,81,0.0273109243697479,9.899494936611665,0.0004201680672268908,4225.0,False,False,True
33.0,4,105.0,74.0,2190,14.2,81,0.033789954337899546,10.246950765959598,0.00045662100456621003,5476.0,True,False,False
34.5,4,100.0,93.5,2320,15.8,81,0.04030172413793103,10.0,0.0004310344827586207,8742.25,True,False,False
33.7,4,107.0,75.0,2210,14.4,81,0.033936651583710405,10.344080432788601,0.00045248868778280545,5625.0,False,True,False
32.4,4,108.0,75.0,2350,16.8,81,0.031914893617021274,10.392304845413264,0.000425531914893617,5625.0,False,True,False
32.9,4,119.0,100.0,2615,14.8,81,0.03824091778202677,10.908712114635714,0.0003824091778202677,10000.0,False,True,False
31.6,4,120.0,74.0,2635,18.3,81,0.02808349146110057,10.954451150103322,0.0003795066413662239,5476.0,False,True,False
28.1,4,141.0,80.0,3230,20.4,81,0.02476780185758514,11.874342087037917,0.00030959752321981426,6400.0,True,False,False
30.7,6,145.0,76.0,3160,19.6,81,0.024050632911392405,12.041594578792296,0.00031645569620253165,5776.0,True,False,False
25.4,6,168.0,116.0,2900,12.6,81,0.04,12.96148139681572,0.0003448275862068965,13456.0,False,True,False
24.2,6,146.0,120.0,2930,13.8,81,0.040955631399317405,12.083045973594572,0.00034129692832764505,14400.0,False,True,False
22.4,6,231.0,110.0,3415,15.8,81,0.032210834553440704,15.198684153570664,0.00029282576866764275,12100.0,False,False,True
26.6,8,350.0,105.0,3725,19.0,81,0.028187919463087248,18.708286933869708,0.00026845637583892615,11025.0,False,False,True
20.2,6,200.0,88.0,3060,17.1,81,0.02875816993464052,14.142135623730951,0.000326797385620915,7744.0,False,False,True
17.6,6,225.0,85.0,3465,16.6,81,0.024531024531024532,15.0,0.0002886002886002886,7225.0,False,False,True
28.0,4,112.0,88.0,2605,19.6,82,0.03378119001919386,10.583005244258363,0.00038387715930902113,7744.0,False,False,True
27.0,4,112.0,88.0,2640,18.6,82,0.03333333333333333,10.583005244258363,0.0003787878787878788,7744.0,False,False,True
34.0,4,112.0,88.0,2395,18.0,82,0.03674321503131524,10.583005244258363,0.0004175365344467641,7744.0,False,False,True
31.0,4,112.0,85.0,2575,16.2,82,0.03300970873786408,10.583005244258363,0.0003883495145631068,7225.0,False,False,True
29.0,4,135.0,84.0,2525,16.0,82,0.03326732673267327,11.61895003862225,0.00039603960396039607,7056.0,False,False,True
27.0,4,151.0,90.0,2735,18.0,82,0.03290676416819013,12.288205727444508,0.00036563071297989033,8100.0,False,False,True
24.0,4,140.0,92.0,2865,16.4,82,0.03211169284467714,11.832159566199232,0.00034904013961605586,8464.0,False,False,True
23.0,4,151.0,93.5,3035,20.5,82,0.030807248764415155,12.288205727444508,0.00032948929159802305,8742.25,False,False,True
36.0,4,105.0,74.0,1980,15.3,82,0.03737373737373737,10.246950765959598,0.000505050505050505,5476.0,True,False,False
37.0,4,91.0,68.0,2025,18.2,82,0.03358024691358025,9.539392014169456,0.0004938271604938272,4624.0,False,True,False
31.0,4,91.0,68.0,1970,17.6,82,0.03451776649746193,9.539392014169456,0.0005076142131979696,4624.0,False,True,False
38.0,4,105.0,63.0,2125,14.7,82,0.029647058823529412,10.246950765959598,0.00047058823529411766,3969.0,False,False,True
36.0,4,98.0,70.0,2125,17.3,82,0.03294117647058824,9.899494936611665,0.00047058823529411766,4900.0,False,False,True
36.0,4,120.0,88.0,2160,14.5,82,0.040740740740740744,10.954451150103322,0.000462962962962963,7744.0,False,True,False
36.0,4,107.0,75.0,2205,14.5,82,0.034013605442176874,10.344080432788601,0.00045351473922902497,5625.0,False,True,False
34.0,4,108.0,70.0,2245,16.9,82,0.031180400890868598,10.392304845413264,0.00044543429844097997,4900.0,False,True,False
38.0,4,91.0,67.0,1965,15.0,82,0.03409669211195929,9.539392014169456,0.0005089058524173028,4489.0,False,True,False
32.0,4,91.0,67.0,1965,15.7,82,0.03409669211195929,9.539392014169456,0.0005089058524173028,4489.0,False,True,False
38.0,4,91.0,67.0,1995,16.2,82,0.033583959899749376,9.539392014169456,0.0005012531328320802,4489.0,False,True,False
25.0,6,181.0,110.0,2945,16.4,82,0.03735144312393888,13.45362404707371,0.00033955857385398983,12100.0,False,False,True
38.0,6,262.0,85.0,3015,17.0,82,0.028192371475953566,16.186414056238647,0.0003316749585406302,7225.0,False,False,True
26.0,4,156.0,92.0,2585,14.5,82,0.035589941972920695,12.489995996796797,0.00038684719535783365,8464.0,False,False,True
22.0,6,232.0,112.0,2835,14.7,82,0.03950617283950617,15.231546211727817,0.0003527336860670194,12544.0,False,False,True
32.0,4,144.0,96.0,2665,13.9,82,0.03602251407129456,12.0,0.000375234521575985,9216.0,False,True,False
36.0,4,135.0,84.0,2370,13.0,82,0.035443037974683546,11.61895003862225,0.0004219409282700422,7056.0,False,False,True
27.0,4,151.0,90.0,2950,17.3,82,0.030508474576271188,12.288205727444508,0.00033898305084745765,8100.0,False,False,True
27.0,4,140.0,86.0,2790,15.6,82,0.03082437275985663,11.832159566199232,0.00035842293906810036,7396.0,False,False,True
44.0,4,97.0,52.0,2130,24.6,82,0.024413145539906103,9.848857801796104,0.00046948356807511736,2704.0,True,False,False
32.0,4,135.0,84.0,2295,11.6,82,0.036601307189542485,11.61895003862225,0.00043572984749455336,7056.0,False,False,True
28.0,4,120.0,79.0,2625,18.6,82,0.030095238095238095,10.954451150103322,0.00038095238095238096,6241.0,False,False,True
31.0,4,119.0,82.0,2720,19.4,82,0.030147058823529412,10.908712114635714,0.0003676470588235294,6724.0,False,False,True
